gu,maleLivingPeople,femaleLivingPeople
강남구,12456,13696
강동구,24036,24135
강북구,95232,98978
강서구,71929,76369
관악구,137153,131453
광진구,13122,13704
구로구,40506,40398
금천구,66826,62690
노원구,29186,29238
도봉구,30400,30710
동대문구,66625,64884
동작구,11325,11872
마포구,82739,90631
서대문구,58712,62541
서초구,54976,60367
성동구,79037,76718
성북구,71109,76351
송파구,68191,72832
양천구,20939,21317
영등포구,49518,48325
용산구,57049,59034
은평구,129552,137989
종로구,58925,61944
중구,32483,32021
중랑구,55585,55080
